EstacaoCodigo;NivelConsistencia;Data;MediaDiaria;MetodoObtencaoVazoes;Maxima;Minima;Media;DiaMaxima;DiaMinima;MaximaStatus;MinimaStatus;MediaStatus;MediaAnual;MediaAnualStatus;Vazao01;Vazao02;Vazao03;Vazao04;Vazao05;Vazao06;Vazao07;Vazao08;Vazao09;Vazao10;Vazao11;Vazao12;Vazao13;Vazao14;Vazao15;Vazao16;Vazao17;Vazao18;Vazao19;Vazao20;Vazao21;Vazao22;Vazao23;Vazao24;Vazao25;Vazao26;Vazao27;Vazao28;Vazao29;Vazao30;Vazao31;Vazao01Status;Vazao02Status;Vazao03Status;Vazao04Status;Vazao05Status;Vazao06Status;Vazao07Status;Vazao08Status;Vazao09Status;Vazao10Status;Vazao11Status;Vazao12Status;Vazao13Status;Vazao14Status;Vazao15Status;Vazao16Status;Vazao17Status;Vazao18Status;Vazao19Status;Vazao20Status;Vazao21Status;Vazao22Status;Vazao23Status;Vazao24Status;Vazao25Status;Vazao26Status;Vazao27Status;Vazao28Status;Vazao29Status;Vazao30Status;Vazao31Status
64365800;1;09/2001;1;1;;;;;;0;0;0;;0;;;;;;0.039999999;0.02;0.0;0.0;0.0;0.0;0.0;0.0;0.36000001;;;;0.07;;;;;;;;;;;;;;;;;;0;1;1;1;1;1;1;1;1;1;;;0;1;0;;;;;;;;;0;;;
64365800;1;12/2001;1;1;2.0599999;0.0;0.4623;4;2;1;1;1;;0;0.029999999;0.0;0.77999997;2.0599999;1.58;0.19;0.1;0.0;0.17;1.5;0.75999999;0.56;0.47999999;1.66;0.47999999;0.30000001;0.34;0.34;0.27000001;0.2;0.25999999;0.57999998;0.47999999;0.27000001;0.22;0.2;0.19;0.050000001;0.039999999;0.14;0.1;1;1;1;1;1;1;1;1;1;1;1;1;1;1;1;1;1;1;1;1;1;1;1;1;1;1;1;1;1;1;1
64365800;1;01/2002;1;1;2.6600001;0.0;0.60479999;13;3;1;1;1;;0;0.090000004;0.1;0.0;0.02;0.050000001;0.059999999;0.0099999998;0.34;0.23999999;0.28;0.18000001;1.02;2.6600001;1.3200001;2.0999999;1.3200001;1.08;0.80000001;0.69999999;0.57999998;0.19;0.19;1.05;0.80000001;0.80000001;0.74000001;0.69999999;0.75999999;0.11;0.16;0.30000001;1;1;1;1;1;1;1;1;1;1;1;1;1;1;1;1;1;1;1;1;1;1;1;1;1;1;1;1;1;1;1
64365800;1;02/2002;1;1;0.44;0.0;0.0625;22;3;1;1;1;;0;0.18000001;0.16;0.0;0.0;0.0;0.0;0.1;0.23;0.19;0.039999999;0.0;0.0;0.0;0.15000001;0.090000004;0.0099999998;0.0099999998;0.0;0.0;0.0;0.039999999;0.44;0.11;0.0;0.0;0.0;0.0;0.0;;;;1;1;1;1;1;1;1;1;1;1;1;1;1;1;1;1;1;1;1;1;1;1;1;1;1;1;1;1;;;
