EstacaoCodigo;NivelConsistencia;Data;MediaDiaria;MetodoObtencaoVazoes;Maxima;Minima;Media;DiaMaxima;DiaMinima;MaximaStatus;MinimaStatus;MediaStatus;MediaAnual;MediaAnualStatus;Vazao01;Vazao02;Vazao03;Vazao04;Vazao05;Vazao06;Vazao07;Vazao08;Vazao09;Vazao10;Vazao11;Vazao12;Vazao13;Vazao14;Vazao15;Vazao16;Vazao17;Vazao18;Vazao19;Vazao20;Vazao21;Vazao22;Vazao23;Vazao24;Vazao25;Vazao26;Vazao27;Vazao28;Vazao29;Vazao30;Vazao31;Vazao01Status;Vazao02Status;Vazao03Status;Vazao04Status;Vazao05Status;Vazao06Status;Vazao07Status;Vazao08Status;Vazao09Status;Vazao10Status;Vazao11Status;Vazao12Status;Vazao13Status;Vazao14Status;Vazao15Status;Vazao16Status;Vazao17Status;Vazao18Status;Vazao19Status;Vazao20Status;Vazao21Status;Vazao22Status;Vazao23Status;Vazao24Status;Vazao25Status;Vazao26Status;Vazao27Status;Vazao28Status;Vazao29Status;Vazao30Status;Vazao31Status
18428100;2;02/2010;1;1;;;;;;0;0;0;;0;;;;;258.7106;257.24399;256.5126;255.78239;254.32561;252.87379;251.4267;250.70509;249.9846;248.5473;248.5473;247.1149;245.6873;244.2645;244.2645;242.8466;242.8466;241.43359;247.1149;245.6873;244.2645;242.8466;248.5473;241.43359;;;;;;;;1;1;1;1;1;1;1;1;1;1;1;1;1;1;1;1;1;1;1;1;1;1;1;1;;;
18428100;2;03/2010;1;1;263.8819;214.18021;234.7265;31;19;1;1;1;;0;238.6219;235.82961;234.4406;233.0565;231.67709;230.30251;228.9328;227.56779;227.56779;226.2076;224.8522;223.5015;220.8145;219.4782;218.14661;218.14661;216.8197;218.8118;214.18021;214.18021;243.55499;247.1149;247.1149;248.5473;247.1149;251.4267;252.87379;254.32561;256.5126;260.91949;263.8819;1;1;1;1;1;1;1;1;1;1;1;1;1;1;1;1;1;1;1;1;1;1;1;1;1;1;1;1;1;1;1
18428100;2;04/2010;1;1;;;;;;0;0;0;;0;265.37051;264.62561;262.39828;260.18201;257.97672;255.05341;254.32561;248.5473;247.1149;245.6873;244.2645;242.8466;241.43359;240.0253;238.6219;237.2233;234.4406;233.0565;;;;;;;;;;;;;;1;1;1;1;1;1;1;1;1;1;1;1;1;1;1;1;1;1;;;;;;;;;;;;;
