EstacaoCodigo;NivelConsistencia;Data;MediaDiaria;MetodoObtencaoVazoes;Maxima;Minima;Media;DiaMaxima;DiaMinima;MaximaStatus;MinimaStatus;MediaStatus;MediaAnual;MediaAnualStatus;Vazao01;Vazao02;Vazao03;Vazao04;Vazao05;Vazao06;Vazao07;Vazao08;Vazao09;Vazao10;Vazao11;Vazao12;Vazao13;Vazao14;Vazao15;Vazao16;Vazao17;Vazao18;Vazao19;Vazao20;Vazao21;Vazao22;Vazao23;Vazao24;Vazao25;Vazao26;Vazao27;Vazao28;Vazao29;Vazao30;Vazao31;Vazao01Status;Vazao02Status;Vazao03Status;Vazao04Status;Vazao05Status;Vazao06Status;Vazao07Status;Vazao08Status;Vazao09Status;Vazao10Status;Vazao11Status;Vazao12Status;Vazao13Status;Vazao14Status;Vazao15Status;Vazao16Status;Vazao17Status;Vazao18Status;Vazao19Status;Vazao20Status;Vazao21Status;Vazao22Status;Vazao23Status;Vazao24Status;Vazao25Status;Vazao26Status;Vazao27Status;Vazao28Status;Vazao29Status;Vazao30Status;Vazao31Status
18670000;1;03/2016;1;1;;;;;;0;0;0;;0;;;;;480.8237;523.95398;561.95599;592.6759;647.08539;690.39008;726.16821;754.20441;782.41827;818.94781;827.10352;905.2514;967.77063;1009.8365;1035.2201;1052.2014;1090.5789;1086.3033;1099.1387;1116.2922;1129.1866;1150.733;1159.3707;1176.679;1181.0128;1215.78;1224.4983;0;0;0;0;1;1;1;1;1;1;1;1;1;1;1;1;1;1;1;1;1;1;1;1;1;1;1;1;1;1;1
18670000;1;04/2016;1;1;1290.2184;279.18188;1115.3096;6;30;1;1;1;;0;1255.0953;1263.8606;1272.6364;1277.028;1285.8191;1290.2184;1281.4222;1272.6364;1259.4766;1233.2273;1202.7223;1172.3478;1146.4182;1129.1866;1129.1866;1133.4904;1137.7969;1137.7969;1137.7969;1137.7969;1124.8857;1107.7098;1090.5789;1069.2292;1018.2858;971.9635;851.65222;880.44452;909.39722;279.18188;;1;1;1;1;1;1;1;1;1;1;1;1;1;1;1;1;1;1;1;1;1;1;1;1;1;1;1;1;1;1;0
