EstacaoCodigo;NivelConsistencia;Data;MediaDiaria;MetodoObtencaoVazoes;Maxima;Minima;Media;DiaMaxima;DiaMinima;MaximaStatus;MinimaStatus;MediaStatus;MediaAnual;MediaAnualStatus;Vazao01;Vazao02;Vazao03;Vazao04;Vazao05;Vazao06;Vazao07;Vazao08;Vazao09;Vazao10;Vazao11;Vazao12;Vazao13;Vazao14;Vazao15;Vazao16;Vazao17;Vazao18;Vazao19;Vazao20;Vazao21;Vazao22;Vazao23;Vazao24;Vazao25;Vazao26;Vazao27;Vazao28;Vazao29;Vazao30;Vazao31;Vazao01Status;Vazao02Status;Vazao03Status;Vazao04Status;Vazao05Status;Vazao06Status;Vazao07Status;Vazao08Status;Vazao09Status;Vazao10Status;Vazao11Status;Vazao12Status;Vazao13Status;Vazao14Status;Vazao15Status;Vazao16Status;Vazao17Status;Vazao18Status;Vazao19Status;Vazao20Status;Vazao21Status;Vazao22Status;Vazao23Status;Vazao24Status;Vazao25Status;Vazao26Status;Vazao27Status;Vazao28Status;Vazao29Status;Vazao30Status;Vazao31Status
13560000;2;10/1996;1;1;;;;;;0;0;0;;0;;;;;;;;;;;;;52.799999;67.0;66.699997;61.200001;57.700001;59.5;58.700001;52.0;53.5;53.5;56.5;65.5;66.099998;61.0;62.5;58.200001;64.900002;61.0;63.299999;0;0;0;0;0;0;0;0;0;0;0;0;1;1;1;1;1;1;1;1;1;1;1;1;1;1;1;1;1;1;1
13560000;2;11/1996;1;1;288.0;65.5;138.0;27;1;1;1;1;;0;65.5;68.0;75.099998;74.5;100.0;115.0;117.0;203.0;178.0;156.0;128.0;105.0;97.5;104.0;95.599998;90.900002;91.699997;96.0;100.0;109.0;137.0;146.0;173.0;203.0;248.0;273.0;288.0;208.0;167.0;140.0;;1;1;1;1;1;1;1;1;1;1;1;1;1;1;1;1;1;1;1;1;1;1;1;1;1;1;1;1;1;1;
13560000;2;12/1996;1;1;345.0;50.299999;172.0;6;28;1;1;1;;0;136.0;156.0;166.0;178.0;277.0;345.0;316.0;282.0;274.0;273.0;275.0;264.0;251.0;243.0;234.0;219.0;185.0;173.0;155.0;135.0;95.599998;75.099998;64.300003;59.5;56.700001;54.5;52.5;50.299999;59.5;118.0;95.599998;1;1;1;1;1;1;1;2;2;2;2;2;2;2;2;2;1;1;1;1;1;1;1;1;1;1;1;1;1;1;1
13560000;2;01/1997;1;1;;;;;;0;0;0;;0;70.099998;62.0;59.700001;63.900002;73.599998;76.0;80.099998;98.0;98.0;134.0;165.0;170.0;242.0;190.0;162.0;170.0;222.0;317.0;457.0;;;;;;;;;;;;;1;1;1;1;1;1;1;1;1;1;1;1;1;1;1;1;1;1;1;0;0;0;0;0;0;0;0;0;0;0;0
