EstacaoCodigo;NivelConsistencia;Data;MediaDiaria;TipoMedicaoCotas;Maxima;Minima;Media;DiaMaxima;DiaMinima;MaximaStatus;MinimaStatus;MediaStatus;MediaAnual;MediaAnualStatus;Cota01;Cota02;Cota03;Cota04;Cota05;Cota06;Cota07;Cota08;Cota09;Cota10;Cota11;Cota12;Cota13;Cota14;Cota15;Cota16;Cota17;Cota18;Cota19;Cota20;Cota21;Cota22;Cota23;Cota24;Cota25;Cota26;Cota27;Cota28;Cota29;Cota30;Cota31;Cota01Status;Cota02Status;Cota03Status;Cota04Status;Cota05Status;Cota06Status;Cota07Status;Cota08Status;Cota09Status;Cota10Status;Cota11Status;Cota12Status;Cota13Status;Cota14Status;Cota15Status;Cota16Status;Cota17Status;Cota18Status;Cota19Status;Cota20Status;Cota21Status;Cota22Status;Cota23Status;Cota24Status;Cota25Status;Cota26Status;Cota27Status;Cota28Status;Cota29Status;Cota30Status;Cota31Status
42450340;1;05/2011;1;1;136.0;103.0;119.1936;21;31;1;1;1;;0;130.5;129.0;128.5;128.5;125.5;122.5;121.5;119.5;119.5;119.0;117.5;116.0;114.5;113.5;113.0;112.0;111.0;114.0;119.5;131.0;134.0;131.5;124.5;127.0;122.0;114.5;112.5;109.5;105.0;104.5;104.0;1;1;1;1;1;1;1;1;1;1;1;1;1;1;1;1;1;1;1;1;1;1;1;1;1;1;1;1;1;1;1
42450340;1;06/2011;1;1;108.0;86.0;97.466698;2;30;1;1;1;;0;104.5;107.5;107.0;106.0;106.0;105.0;103.5;102.0;102.0;102.0;101.0;101.0;101.0;101.0;100.5;99.5;97.5;95.5;93.5;92.0;91.0;90.0;91.5;90.0;88.5;88.0;88.5;92.0;90.0;86.5;;1;1;1;1;1;1;1;1;1;1;1;1;1;1;1;1;1;1;1;1;1;1;1;1;1;1;1;1;1;1;0
42450340;1;08/2011;1;1;78.0;57.0;66.048401;1;30;1;1;1;;0;77.5;77.0;75.5;73.5;72.5;71.5;70.0;68.5;67.0;66.0;66.0;66.0;65.5;65.0;65.0;65.0;64.0;66.5;64.0;63.0;63.0;62.0;63.0;62.0;62.0;61.0;60.5;59.5;59.0;58.0;68.5;1;1;1;1;1;1;1;1;1;1;1;1;1;1;1;1;1;1;1;1;1;1;1;1;1;1;1;1;1;1;1
42450340;1;09/2011;1;1;72.0;49.0;53.849998;1;19;1;1;1;;0;71.0;67.0;66.0;66.0;55.5;53.5;51.5;50.0;51.5;53.5;54.0;53.5;51.5;51.0;50.0;50.0;50.5;50.0;49.0;49.5;50.0;50.0;50.0;50.0;49.0;49.0;58.0;56.0;53.0;56.0;;1;1;1;1;1;1;1;1;1;1;1;1;1;1;1;1;1;1;1;1;1;1;1;1;1;1;1;1;1;1;0
42450340;1;10/2011;1;1;166.0;49.0;93.661201;17;2;1;1;1;;0;50.0;49.0;49.5;59.0;64.0;82.0;84.5;84.5;83.0;72.5;74.5;74.0;75.5;75.0;82.0;161.5;163.0;152.5;147.5;139.0;132.5;119.5;101.5;100.0;97.5;87.5;87.5;87.0;87.5;91.5;89.0;1;1;1;1;1;1;1;1;1;1;1;1;1;1;1;1;1;1;1;1;1;1;1;1;1;1;1;1;1;1;1
42450340;1;11/2011;1;1;125.0;60.0;94.75;10;1;1;1;1;;0;77.5;98.5;91.0;87.0;83.0;72.0;72.0;82.5;93.5;122.5;114.0;99.5;94.0;87.0;92.5;99.5;99.0;91.5;87.0;86.5;88.0;88.0;70.5;71.5;103.0;104.5;118.5;125.0;123.5;120.0;;1;1;1;1;1;1;1;1;1;1;1;1;1;1;1;1;1;1;1;1;1;1;1;1;1;1;1;1;1;1;0
