EstacaoCodigo;NivelConsistencia;Data;MediaDiaria;MetodoObtencaoVazoes;Maxima;Minima;Media;DiaMaxima;DiaMinima;MaximaStatus;MinimaStatus;MediaStatus;MediaAnual;MediaAnualStatus;Vazao01;Vazao02;Vazao03;Vazao04;Vazao05;Vazao06;Vazao07;Vazao08;Vazao09;Vazao10;Vazao11;Vazao12;Vazao13;Vazao14;Vazao15;Vazao16;Vazao17;Vazao18;Vazao19;Vazao20;Vazao21;Vazao22;Vazao23;Vazao24;Vazao25;Vazao26;Vazao27;Vazao28;Vazao29;Vazao30;Vazao31;Vazao01Status;Vazao02Status;Vazao03Status;Vazao04Status;Vazao05Status;Vazao06Status;Vazao07Status;Vazao08Status;Vazao09Status;Vazao10Status;Vazao11Status;Vazao12Status;Vazao13Status;Vazao14Status;Vazao15Status;Vazao16Status;Vazao17Status;Vazao18Status;Vazao19Status;Vazao20Status;Vazao21Status;Vazao22Status;Vazao23Status;Vazao24Status;Vazao25Status;Vazao26Status;Vazao27Status;Vazao28Status;Vazao29Status;Vazao30Status;Vazao31Status
60473020;1;02/2016;1;1;5.2665;1.6986001;2.2890999;10;6;0;0;1;;0;1.9378;2.0090001;2.0451;2.0090001;2.0090001;1.8333;1.7318;1.6986001;4.5881;4.1620002;3.9568;3.0095;2.4638;2.3848;2.3069999;2.2306001;2.1928;2.0816;2.0090001;1.9732;2.3069999;2.1554;1.9378;1.9026;1.8333;1.8333;1.8333;2.0090001;1.9378;;;;;;;;;;;;;;;;;;;;;;;;;;;;;;;;0;0
60473020;1;03/2016;1;1;3.0095;1.3257;1.9689;13;31;0;0;1;;0;2.0090001;2.0451;1.9378;1.9378;1.9378;2.0090001;2.2686;2.0816;1.9732;2.1554;2.2306001;2.1928;2.9656;2.6259;2.2306001;2.0451;1.9026;1.8678;2.0090001;1.9378;1.7653;1.5376;1.5063;1.4448;1.9378;2.1183;2.1183;1.9378;1.5376;1.4146;1.355;;;;;;;;;;;;;;;;;;;;;;;;;;;;;;;
60473020;1;04/2016;1;1;1.6332;0.80760002;1.0727;28;26;0;0;1;;0;1.3257;1.2681;1.2967;1.2397;1.1567;1.1567;1.1567;1.2397;1.184;1.0766;1.0247999;0.97420001;0.97420001;0.94950002;0.92500001;0.90090001;0.94950002;0.94950002;0.94950002;0.94950002;0.94950002;0.90090001;0.87709999;0.85360003;0.85360003;0.83039999;0.90090001;1.5691;1.4146;1.3846;;;;;;;;;;;;;;;;;;;;;;;;;;;;;;;;0
60473020;1;05/2016;1;1;1.3846;0.71939999;0.90369999;16;14;0;0;1;;0;1.2967;1.184;1.0766;0.94950002;0.92500001;0.92500001;0.90090001;0.92500001;0.92500001;0.85360003;0.85360003;0.83039999;0.76289999;0.741;0.76289999;1.0505;1.1567;0.9993;1.0247999;0.94950002;0.90090001;0.90090001;0.85360003;0.87709999;0.87709999;0.80760002;0.76289999;0.76289999;0.71939999;0.741;0.71939999;1;1;1;1;1;1;1;1;1;1;1;1;1;1;1;1;1;1;1;1;1;1;1;1;1;1;1;1;1;1;1
