EstacaoCodigo;NivelConsistencia;Data;MediaDiaria;TipoMedicaoCotas;Maxima;Minima;Media;DiaMaxima;DiaMinima;MaximaStatus;MinimaStatus;MediaStatus;MediaAnual;MediaAnualStatus;Cota01;Cota02;Cota03;Cota04;Cota05;Cota06;Cota07;Cota08;Cota09;Cota10;Cota11;Cota12;Cota13;Cota14;Cota15;Cota16;Cota17;Cota18;Cota19;Cota20;Cota21;Cota22;Cota23;Cota24;Cota25;Cota26;Cota27;Cota28;Cota29;Cota30;Cota31;Cota01Status;Cota02Status;Cota03Status;Cota04Status;Cota05Status;Cota06Status;Cota07Status;Cota08Status;Cota09Status;Cota10Status;Cota11Status;Cota12Status;Cota13Status;Cota14Status;Cota15Status;Cota16Status;Cota17Status;Cota18Status;Cota19Status;Cota20Status;Cota21Status;Cota22Status;Cota23Status;Cota24Status;Cota25Status;Cota26Status;Cota27Status;Cota28Status;Cota29Status;Cota30Status;Cota31Status
52010000;1;08/2010;1;1;38.0;15.0;31.435499;4;23;1;1;1;0.0;;34.0;34.0;34.5;38.0;38.0;36.0;34.5;34.0;34.0;34.0;34.0;32.5;32.0;32.0;31.0;30.5;30.0;30.0;30.0;30.0;30.0;31.0;15.0;30.0;30.0;30.0;29.5;29.0;29.0;29.0;29.0;;;;;;;;;;;;;;;;;;;;;;;;;;;;;;;
52010000;1;09/2010;1;1;30.0;27.0;28.3167;1;24;1;1;1;0.0;;30.0;30.0;29.5;29.0;29.0;29.0;29.0;29.0;29.0;30.0;30.0;29.0;28.5;28.0;28.0;28.0;28.0;28.0;28.0;28.0;28.0;28.0;27.5;27.0;27.0;27.0;27.0;27.0;27.0;27.0;;;;;;;;;;;;;;;;;;;;;;;;;;;;;;;;
52010000;1;02/2011;1;1;46.0;31.0;34.035702;26;22;1;1;1;0.0;;36.0;36.0;35.5;35.0;34.0;34.0;33.5;33.0;32.5;32.0;33.5;33.5;33.0;32.5;32.0;32.0;32.0;32.5;33.0;32.0;34.0;31.0;31.0;33.5;34.0;46.0;37.0;39.0;;;;;;;;;;;;;;;;;;;;;;;;;;;;;;;;;;
52010000;1;05/2011;1;1;50.0;21.5;36.209702;2;6;1;1;1;0.0;;39.0;50.0;44.0;42.5;40.5;21.5;38.0;38.0;37.0;36.5;36.0;36.0;35.0;35.0;35.0;34.0;34.5;34.0;34.0;34.0;34.0;34.0;35.0;35.0;35.5;36.0;36.0;36.0;36.0;35.5;35.0;;;;;;;;;;;;;;;;;;;;;;;;;;;;;;;
52010000;1;06/2011;1;1;34.0;30.0;32.0;1;28;1;1;1;0.0;;34.0;34.0;34.0;33.5;33.0;33.0;32.5;32.0;32.0;32.0;32.0;32.0;32.0;32.0;33.0;32.0;32.0;32.0;32.0;32.0;31.5;31.0;31.0;31.0;31.0;31.0;30.5;30.0;30.0;32.0;;;;;;;;;;;;;;;;;;;;;;;;;;;;;;;;
52010000;1;09/2011;1;1;32.5;26.0;29.799999;3;15;1;1;1;0.0;;31.0;31.0;32.5;32.5;31.0;31.0;31.0;30.0;30.0;30.0;30.0;30.0;30.0;29.5;26.0;26.0;29.5;29.5;29.0;29.0;29.0;29.0;29.0;29.5;30.0;30.0;30.5;30.0;29.5;29.0;;;;;;;;;;;;;;;;;;;;;;;;;;;;;;;;
52010000;1;06/2012;1;1;29.0;28.0;28.1667;26;1;1;1;1;0.0;;28.0;28.0;28.0;28.0;28.0;28.0;28.0;28.0;28.0;28.0;28.0;28.0;28.0;28.0;28.0;28.0;28.0;28.0;28.0;28.0;28.0;28.0;28.0;28.0;28.0;29.0;29.0;29.0;29.0;29.0;;;;;;;;;;;;;;;;;;;;;;;;;;;;;;;;
