EstacaoCodigo;NivelConsistencia;Data;MediaDiaria;TipoMedicaoCotas;Maxima;Minima;Media;DiaMaxima;DiaMinima;MaximaStatus;MinimaStatus;MediaStatus;MediaAnual;MediaAnualStatus;Cota01;Cota02;Cota03;Cota04;Cota05;Cota06;Cota07;Cota08;Cota09;Cota10;Cota11;Cota12;Cota13;Cota14;Cota15;Cota16;Cota17;Cota18;Cota19;Cota20;Cota21;Cota22;Cota23;Cota24;Cota25;Cota26;Cota27;Cota28;Cota29;Cota30;Cota31;Cota01Status;Cota02Status;Cota03Status;Cota04Status;Cota05Status;Cota06Status;Cota07Status;Cota08Status;Cota09Status;Cota10Status;Cota11Status;Cota12Status;Cota13Status;Cota14Status;Cota15Status;Cota16Status;Cota17Status;Cota18Status;Cota19Status;Cota20Status;Cota21Status;Cota22Status;Cota23Status;Cota24Status;Cota25Status;Cota26Status;Cota27Status;Cota28Status;Cota29Status;Cota30Status;Cota31Status
74200500;1;10/2019;1;3;159.0;135.0;;31;31;1;1;0;;0;;;;;;;;;;;;;;;;;;;;;;;;;;;;;;;138.875;0;0;0;0;0;0;0;0;0;0;0;0;0;0;0;0;0;0;0;0;0;0;0;0;0;0;0;0;0;0;1
74200500;1;11/2019;1;3;300.8887;99.0;148.6077;14;26;1;1;1;;0;164.75;154.0417;140.4167;132.2083;134.125;166.6667;147.2419;138.6682;170.29449;189.3866;185.2484;157.2886;151.0634;256.6835;216.7155;169.3643;145.4167;136.4167;131.9583;125.7917;120.0833;116.5833;115.6667;110.1667;106.2083;110.625;163.29401;141.9104;129.8268;130.1199;;1;1;1;1;1;1;1;1;1;1;1;1;1;1;1;1;1;1;1;1;1;1;1;1;1;1;1;1;1;1;0
74200500;1;12/2019;1;3;174.36951;108.5075;126.495;16;29;1;1;1;;0;123.008;120.625;122.1989;121.8296;137.45869;145.0265;133.5343;126.9564;122.4757;126.5874;122.8448;119.5255;118.6508;116.4881;129.7282;154.83501;163.13071;150.7654;139.75999;132.09599;129.73241;126.4017;121.5073;117.9601;115.5229;113.8234;112.7221;111.4382;109.5144;111.4427;123.7561;1;1;1;1;1;1;1;1;1;1;1;1;1;1;1;1;1;1;1;1;1;1;1;1;1;1;1;1;1;1;1
