EstacaoCodigo;NivelConsistencia;Data;MediaDiaria;TipoMedicaoCotas;Maxima;Minima;Media;DiaMaxima;DiaMinima;MaximaStatus;MinimaStatus;MediaStatus;MediaAnual;MediaAnualStatus;Cota01;Cota02;Cota03;Cota04;Cota05;Cota06;Cota07;Cota08;Cota09;Cota10;Cota11;Cota12;Cota13;Cota14;Cota15;Cota16;Cota17;Cota18;Cota19;Cota20;Cota21;Cota22;Cota23;Cota24;Cota25;Cota26;Cota27;Cota28;Cota29;Cota30;Cota31;Cota01Status;Cota02Status;Cota03Status;Cota04Status;Cota05Status;Cota06Status;Cota07Status;Cota08Status;Cota09Status;Cota10Status;Cota11Status;Cota12Status;Cota13Status;Cota14Status;Cota15Status;Cota16Status;Cota17Status;Cota18Status;Cota19Status;Cota20Status;Cota21Status;Cota22Status;Cota23Status;Cota24Status;Cota25Status;Cota26Status;Cota27Status;Cota28Status;Cota29Status;Cota30Status;Cota31Status
71380500;1;10/2019;1;3;19.0;0.0;;31;28;1;1;0;;0;;;;;;;;;;;;;;;;;;;;;;;;;;;;3.125;2.375;1.25;10.7917;0;0;0;0;0;0;0;0;0;0;0;0;0;0;0;0;0;0;0;0;0;0;0;0;0;0;0;1;1;1;1
71380500;1;11/2019;1;3;651.0;1.0;365.10281;27;13;1;1;1;;0;9.5417004;10.4167;13.0;13.6667;57.541698;30.0833;8.75;5.5416999;6.0833001;23.4583;26.0833;32.166698;224.6667;648.29169;649.29169;648.29169;647.20831;646.95831;646.29169;646.04169;645.875;645.54169;646.0;645.41669;518.08331;266.45831;648.58331;649.125;647.83331;646.79169;;1;1;1;1;1;1;1;1;1;1;1;1;1;1;1;1;1;1;1;1;1;1;1;1;1;1;1;1;1;1;0
71380500;1;12/2019;1;3;649.0;412.0;607.27417;16;10;1;1;1;;0;646.0;645.45831;645.08331;645.08331;646.45831;646.75;645.45831;645.0;618.5;473.54169;618.625;645.33331;645.66669;644.125;643.91669;646.08331;649.0;647.95831;646.41669;638.70831;575.125;555.91669;557.25;558.29169;556.54169;555.70831;566.0;551.45831;553.04169;555.45831;557.54169;1;1;1;1;1;1;1;1;1;1;1;1;1;1;1;1;1;1;1;1;1;1;1;1;1;1;1;1;1;1;1
