EstacaoCodigo;NivelConsistencia;Data;MediaDiaria;MetodoObtencaoVazoes;Maxima;Minima;Media;DiaMaxima;DiaMinima;MaximaStatus;MinimaStatus;MediaStatus;MediaAnual;MediaAnualStatus;Vazao01;Vazao02;Vazao03;Vazao04;Vazao05;Vazao06;Vazao07;Vazao08;Vazao09;Vazao10;Vazao11;Vazao12;Vazao13;Vazao14;Vazao15;Vazao16;Vazao17;Vazao18;Vazao19;Vazao20;Vazao21;Vazao22;Vazao23;Vazao24;Vazao25;Vazao26;Vazao27;Vazao28;Vazao29;Vazao30;Vazao31;Vazao01Status;Vazao02Status;Vazao03Status;Vazao04Status;Vazao05Status;Vazao06Status;Vazao07Status;Vazao08Status;Vazao09Status;Vazao10Status;Vazao11Status;Vazao12Status;Vazao13Status;Vazao14Status;Vazao15Status;Vazao16Status;Vazao17Status;Vazao18Status;Vazao19Status;Vazao20Status;Vazao21Status;Vazao22Status;Vazao23Status;Vazao24Status;Vazao25Status;Vazao26Status;Vazao27Status;Vazao28Status;Vazao29Status;Vazao30Status;Vazao31Status
17396080;2;09/2020;1;1;;;;;;0;0;0;;0;;;;;;;;376.8725;478.97171;349.75671;361.9975;425.7529;377.56879;311.3721;337.6275;324.26379;335.50461;492.31921;397.50961;318.20621;461.24039;431.61621;472.9183;376.1817;399.45999;545.59082;422.5062;455.845;552.25421;518.71289;;;;;;;;;1;1;1;1;1;1;1;1;1;1;1;1;1;1;1;1;1;1;1;1;1;1;1;
17396080;2;10/2020;1;1;675.13623;298.67621;456.6127;30;17;1;1;1;;0;585.03918;470.15961;475.39291;434.8046;460.91379;534.60498;462.9025;407.3808;443.84421;400.06039;379.04211;409.26669;401.66422;463.87079;492.97672;397.48959;298.67621;388.70081;533.25708;473.46921;526.1438;385.6254;456.02249;502.95459;485.3779;418.02081;417.24539;402.3996;553.66711;675.13623;418.88419;1;1;1;1;1;1;1;1;1;1;1;1;1;1;1;1;1;1;1;1;1;1;1;1;1;1;1;1;1;1;1
17396080;2;11/2020;1;1;762.81042;461.43381;589.62433;23;9;1;1;1;;0;691.55621;734.83539;539.34631;541.14709;622.44043;564.41577;550.71503;581.44879;461.43381;567.29669;488.15421;539.53381;575.59583;597.36078;539.36328;666.13458;647.62958;619.10498;564.57617;596.69501;580.30621;512.89081;762.81042;556.61792;551.80377;673.10083;579.28668;639.82501;597.11078;546.19171;;1;1;1;1;1;1;1;1;1;1;1;1;1;1;1;1;1;1;1;1;1;1;1;1;1;1;1;1;1;1;
17396080;2;12/2020;1;1;1598.2963;443.18829;887.56171;31;7;1;1;1;;0;629.76331;527.46332;609.07538;592.27618;487.15671;661.52789;443.18829;461.5546;579.64172;788.23669;630.27582;798.17621;627.32422;769.8725;873.24121;892.61169;930.27039;901.64502;933.00171;886.435;961.81171;854.72998;889.40253;1087.4608;1249.6713;1309.4996;1325.9268;1270.9767;1425.2758;1518.6238;1598.2963;1;1;1;1;1;1;1;1;1;1;1;1;1;1;1;1;1;1;1;1;1;1;1;1;1;1;1;1;1;1;1
