EstacaoCodigo;NivelConsistencia;Data;MediaDiaria;TipoMedicaoCotas;Maxima;Minima;Media;DiaMaxima;DiaMinima;MaximaStatus;MinimaStatus;MediaStatus;MediaAnual;MediaAnualStatus;Cota01;Cota02;Cota03;Cota04;Cota05;Cota06;Cota07;Cota08;Cota09;Cota10;Cota11;Cota12;Cota13;Cota14;Cota15;Cota16;Cota17;Cota18;Cota19;Cota20;Cota21;Cota22;Cota23;Cota24;Cota25;Cota26;Cota27;Cota28;Cota29;Cota30;Cota31;Cota01Status;Cota02Status;Cota03Status;Cota04Status;Cota05Status;Cota06Status;Cota07Status;Cota08Status;Cota09Status;Cota10Status;Cota11Status;Cota12Status;Cota13Status;Cota14Status;Cota15Status;Cota16Status;Cota17Status;Cota18Status;Cota19Status;Cota20Status;Cota21Status;Cota22Status;Cota23Status;Cota24Status;Cota25Status;Cota26Status;Cota27Status;Cota28Status;Cota29Status;Cota30Status;Cota31Status
64504592;1;12/1986;1;1;;;;;;0;0;0;;;;;;;;;;;;;;;;;;;68.5;74.0;78.5;75.0;69.0;73.0;73.0;67.0;67.5;67.0;67.0;69.5;78.0;70.0;69.0;;;;;;;;;;;;;;;;;1;1;1;1;1;1;1;1;1;1;1;1;1;1;1
64504592;1;01/1987;1;1;82.0;67.0;70.048401;13;1;1;1;1;;;67.0;67.5;76.5;69.0;67.5;67.5;69.0;68.0;69.0;67.5;68.5;67.5;79.5;74.0;72.0;75.0;70.0;70.0;68.0;68.0;68.5;68.0;68.0;68.5;70.0;72.0;72.0;73.0;70.0;70.0;70.5;1;1;1;1;1;1;1;1;1;1;1;1;1;1;1;1;1;1;1;1;1;1;1;1;1;1;1;1;1;1;1
64504592;1;02/1987;1;1;106.0;70.0;77.857201;20;12;1;1;1;;;80.0;82.0;76.0;78.5;80.0;77.0;76.0;75.5;74.0;74.0;71.0;70.0;70.0;70.5;79.0;73.0;74.5;80.0;75.0;95.5;99.5;88.0;78.0;75.0;75.0;79.0;79.0;75.0;;;;1;1;1;1;1;1;1;1;1;1;1;1;1;1;1;1;1;1;1;1;1;1;1;1;1;1;1;1;;;
64504592;1;03/1987;1;1;80.0;74.0;75.048401;28;2;1;1;1;;;75.5;74.5;75.0;74.0;74.5;74.5;75.5;75.0;74.0;77.5;77.0;74.5;74.0;74.0;75.5;74.0;74.0;74.0;77.0;74.0;74.0;75.5;74.5;74.0;74.0;75.5;79.0;78.0;76.0;74.0;74.0;1;1;1;1;1;1;1;1;1;1;1;1;1;1;1;1;1;1;1;1;1;1;1;1;1;1;1;1;1;1;1
64504592;1;04/1987;1;1;90.0;74.0;76.800003;30;1;1;1;1;;;74.5;77.0;78.0;77.0;76.0;76.0;76.0;74.0;74.0;77.5;79.5;77.0;74.0;81.0;85.5;76.0;75.5;76.0;76.0;76.5;78.5;83.5;75.0;75.0;74.0;74.0;74.5;74.5;74.0;84.0;;1;1;1;1;1;1;1;1;1;1;1;1;1;1;1;1;1;1;1;1;1;1;1;1;1;1;1;1;1;1;
