EstacaoCodigo;NivelConsistencia;Data;MediaDiaria;MetodoObtencaoVazoes;Maxima;Minima;Media;DiaMaxima;DiaMinima;MaximaStatus;MinimaStatus;MediaStatus;MediaAnual;MediaAnualStatus;Vazao01;Vazao02;Vazao03;Vazao04;Vazao05;Vazao06;Vazao07;Vazao08;Vazao09;Vazao10;Vazao11;Vazao12;Vazao13;Vazao14;Vazao15;Vazao16;Vazao17;Vazao18;Vazao19;Vazao20;Vazao21;Vazao22;Vazao23;Vazao24;Vazao25;Vazao26;Vazao27;Vazao28;Vazao29;Vazao30;Vazao31;Vazao01Status;Vazao02Status;Vazao03Status;Vazao04Status;Vazao05Status;Vazao06Status;Vazao07Status;Vazao08Status;Vazao09Status;Vazao10Status;Vazao11Status;Vazao12Status;Vazao13Status;Vazao14Status;Vazao15Status;Vazao16Status;Vazao17Status;Vazao18Status;Vazao19Status;Vazao20Status;Vazao21Status;Vazao22Status;Vazao23Status;Vazao24Status;Vazao25Status;Vazao26Status;Vazao27Status;Vazao28Status;Vazao29Status;Vazao30Status;Vazao31Status
64504592;1;12/1986;1;1;;;;;;0;0;0;;0;;;;;;;;;;;;;;;;;1.765;2.3800001;2.9200001;2.5;1.8099999;2.26;2.26;1.63;1.675;1.63;1.63;1.855;2.8599999;1.9;1.8099999;;;;;;;;;;;;;;;;;1;1;1;1;1;1;1;1;1;1;1;1;1;1;1
64504592;1;01/1987;1;1;3.04;1.63;1.9377;13;1;1;1;1;;0;1.63;1.675;2.6800001;1.8099999;1.675;1.675;1.8099999;1.72;1.8099999;1.675;1.765;1.675;3.04;2.3800001;2.1400001;2.5;1.9;1.9;1.72;1.72;1.765;1.72;1.72;1.765;1.9;2.1400001;2.1400001;2.26;1.9;1.9;1.96;1;1;1;1;1;1;1;1;1;1;1;1;1;1;1;1;1;1;1;1;1;1;1;1;1;1;1;1;1;1;1
64504592;1;02/1987;1;1;7.1799998;1.9;2.9714;21;12;1;1;1;;0;3.0999999;3.46;2.6199999;2.9200001;3.0999999;2.74;2.6199999;2.5599999;2.3800001;2.3800001;2.02;1.9;1.9;1.96;2.98;2.26;2.4400001;3.0999999;2.5;6.2199998;7.1799998;4.54;2.8599999;2.5;2.5;2.98;2.98;2.5;;;;1;1;1;1;1;1;1;1;1;1;1;1;1;1;1;1;1;1;1;1;1;1;1;1;1;1;1;1;;;
64504592;1;03/1987;1;1;2.98;2.3800001;2.5058;27;4;1;1;1;;0;2.5599999;2.4400001;2.5;2.3800001;2.4400001;2.4400001;2.5599999;2.5;2.3800001;2.8;2.74;2.4400001;2.3800001;2.3800001;2.5599999;2.3800001;2.3800001;2.3800001;2.74;2.3800001;2.3800001;2.5599999;2.4400001;2.3800001;2.3800001;2.5599999;2.98;2.8599999;2.6199999;2.3800001;2.3800001;1;1;1;1;1;1;1;1;1;1;1;1;1;1;1;1;1;1;1;1;1;1;1;1;1;1;1;1;1;1;1
64504592;1;04/1987;1;1;4.0900002;2.3800001;2.744;15;8;1;1;1;;0;2.4400001;2.74;2.8599999;2.74;2.6199999;2.6199999;2.6199999;2.3800001;2.3800001;2.8;3.04;2.74;2.3800001;3.28;4.0900002;2.6199999;2.5599999;2.6199999;2.6199999;2.6800001;2.9200001;3.73;2.5;2.5;2.3800001;2.3800001;2.4400001;2.4400001;2.3800001;3.8199999;;1;1;1;1;1;1;1;1;1;1;1;1;1;1;1;1;1;1;1;1;1;1;1;1;1;1;1;1;1;1;
