EstacaoCodigo;NivelConsistencia;Data;MediaDiaria;TipoMedicaoCotas;Maxima;Minima;Media;DiaMaxima;DiaMinima;MaximaStatus;MinimaStatus;MediaStatus;MediaAnual;MediaAnualStatus;Cota01;Cota02;Cota03;Cota04;Cota05;Cota06;Cota07;Cota08;Cota09;Cota10;Cota11;Cota12;Cota13;Cota14;Cota15;Cota16;Cota17;Cota18;Cota19;Cota20;Cota21;Cota22;Cota23;Cota24;Cota25;Cota26;Cota27;Cota28;Cota29;Cota30;Cota31;Cota01Status;Cota02Status;Cota03Status;Cota04Status;Cota05Status;Cota06Status;Cota07Status;Cota08Status;Cota09Status;Cota10Status;Cota11Status;Cota12Status;Cota13Status;Cota14Status;Cota15Status;Cota16Status;Cota17Status;Cota18Status;Cota19Status;Cota20Status;Cota21Status;Cota22Status;Cota23Status;Cota24Status;Cota25Status;Cota26Status;Cota27Status;Cota28Status;Cota29Status;Cota30Status;Cota31Status
43880001;1;06/2011;1;1;122.0;11.0;107.0167;1;7;1;1;1;;0;122.0;121.0;120.0;120.0;120.0;118.0;63.5;113.5;112.0;112.0;112.0;110.0;110.0;109.0;109.0;108.0;108.0;107.0;106.0;104.0;104.0;103.0;102.0;102.0;101.5;100.0;99.0;98.0;98.0;98.0;;1;1;1;1;1;1;1;1;1;1;1;1;1;1;1;1;1;1;1;1;1;1;1;1;1;1;1;1;1;1;0
43880001;1;07/2011;1;1;99.0;72.0;86.6129;1;25;1;1;1;;0;98.5;98.5;98.0;96.0;96.0;94.5;92.0;92.0;92.0;90.0;90.0;90.0;88.0;82.0;87.0;87.0;86.0;87.0;85.5;83.0;86.0;82.0;80.0;80.0;76.0;78.0;78.0;78.0;78.0;78.0;78.0;1;1;1;1;1;1;1;1;1;1;1;1;1;1;1;1;1;1;1;1;1;1;1;1;1;1;1;1;1;1;1
43880001;1;08/2011;1;1;77.0;56.0;65.177399;1;31;1;1;1;;0;77.0;76.0;75.0;74.0;72.0;72.0;70.0;70.0;70.0;69.0;69.0;68.0;68.0;66.0;65.0;64.0;64.0;62.0;61.5;61.0;61.0;60.0;60.0;60.0;60.0;58.0;58.0;58.0;58.0;58.0;56.0;1;1;1;1;1;1;1;1;1;1;1;1;1;1;1;1;1;1;1;1;1;1;1;1;1;1;1;1;1;1;1
43880001;1;09/2011;1;1;66.0;40.0;46.383301;1;28;1;1;1;;0;61.0;55.0;54.0;52.0;52.0;50.0;50.0;50.0;49.0;49.0;48.0;48.0;48.0;46.0;46.0;44.5;44.0;44.0;44.0;42.0;42.0;42.0;42.0;42.0;42.0;42.0;42.0;40.0;40.0;41.0;;1;1;1;1;1;1;1;1;1;1;1;1;1;1;1;1;1;1;1;1;1;1;1;1;1;1;1;1;1;1;0
43880001;1;10/2011;1;1;282.0;42.0;118.0;21;1;1;1;1;;0;42.0;42.0;42.0;42.0;43.0;44.0;48.0;56.5;64.0;71.0;75.5;78.5;81.0;99.5;81.0;140.0;201.0;227.0;249.0;271.0;282.0;244.0;175.0;143.0;137.5;124.5;127.5;115.5;114.5;96.5;100.0;1;1;1;1;1;1;1;1;1;1;1;1;1;1;1;1;1;1;1;1;1;1;1;1;1;1;1;1;1;1;1
43880001;1;11/2011;1;1;488.0;77.0;190.5;30;12;1;1;1;;0;109.0;135.0;168.0;231.0;179.0;130.5;115.0;100.0;95.5;90.0;91.0;93.5;115.0;113.0;112.0;198.0;197.5;132.0;167.0;210.0;194.5;198.0;190.0;193.0;186.0;227.0;347.5;446.0;464.0;487.0;;1;1;1;1;1;1;1;1;1;1;1;1;1;1;1;1;1;1;1;1;1;1;1;1;1;1;1;1;1;1;0
