EstacaoCodigo;NivelConsistencia;Data;MediaDiaria;TipoMedicaoCotas;Maxima;Minima;Media;DiaMaxima;DiaMinima;MaximaStatus;MinimaStatus;MediaStatus;MediaAnual;MediaAnualStatus;Cota01;Cota02;Cota03;Cota04;Cota05;Cota06;Cota07;Cota08;Cota09;Cota10;Cota11;Cota12;Cota13;Cota14;Cota15;Cota16;Cota17;Cota18;Cota19;Cota20;Cota21;Cota22;Cota23;Cota24;Cota25;Cota26;Cota27;Cota28;Cota29;Cota30;Cota31;Cota01Status;Cota02Status;Cota03Status;Cota04Status;Cota05Status;Cota06Status;Cota07Status;Cota08Status;Cota09Status;Cota10Status;Cota11Status;Cota12Status;Cota13Status;Cota14Status;Cota15Status;Cota16Status;Cota17Status;Cota18Status;Cota19Status;Cota20Status;Cota21Status;Cota22Status;Cota23Status;Cota24Status;Cota25Status;Cota26Status;Cota27Status;Cota28Status;Cota29Status;Cota30Status;Cota31Status
74300200;1;10/2019;1;3;173.64999;127.75;;31;31;1;1;0;;0;;;;;;;;;;;;;;;;;;;;;;;;;;;;;;;151.6562;0;0;0;0;0;0;0;0;0;0;0;0;0;0;0;0;0;0;0;0;0;0;0;0;0;0;0;0;0;0;1
74300200;1;11/2019;1;3;341.04999;115.6;181.2475;14;23;1;1;1;;0;196.5437;166.78751;159.7563;143.72501;169.14999;198.625;184.73129;172.52499;170.5563;180.9063;171.7375;167.6313;178.8813;317.08749;274.5625;216.625;191.0313;169.14999;166.0;155.53751;155.3687;139.78751;140.575;140.2375;140.85629;142.825;239.125;227.64999;188.83749;170.6125;;1;1;1;1;1;1;1;1;1;1;1;1;1;1;1;1;1;1;1;1;1;1;1;1;1;1;1;1;1;1;0
74300200;1;12/2019;1;3;233.05;111.55;157.724;5;29;1;1;1;;0;165.66251;149.125;155.875;143.7813;171.85001;170.5563;163.3;146.9312;148.2813;161.7813;165.21249;159.1375;146.08749;161.4437;140.85629;202.78751;207.3437;182.2562;174.8875;166.89999;166.78751;165.60629;153.7937;150.02499;145.97501;149.46249;125.3313;146.8188;130.9563;136.8625;133.7688;1;1;1;1;1;1;1;1;1;1;1;1;1;1;1;1;1;1;1;1;1;1;1;1;1;1;1;1;1;1;1
