EstacaoCodigo;NivelConsistencia;Data;MediaDiaria;MetodoObtencaoVazoes;Maxima;Minima;Media;DiaMaxima;DiaMinima;MaximaStatus;MinimaStatus;MediaStatus;MediaAnual;MediaAnualStatus;Vazao01;Vazao02;Vazao03;Vazao04;Vazao05;Vazao06;Vazao07;Vazao08;Vazao09;Vazao10;Vazao11;Vazao12;Vazao13;Vazao14;Vazao15;Vazao16;Vazao17;Vazao18;Vazao19;Vazao20;Vazao21;Vazao22;Vazao23;Vazao24;Vazao25;Vazao26;Vazao27;Vazao28;Vazao29;Vazao30;Vazao31;Vazao01Status;Vazao02Status;Vazao03Status;Vazao04Status;Vazao05Status;Vazao06Status;Vazao07Status;Vazao08Status;Vazao09Status;Vazao10Status;Vazao11Status;Vazao12Status;Vazao13Status;Vazao14Status;Vazao15Status;Vazao16Status;Vazao17Status;Vazao18Status;Vazao19Status;Vazao20Status;Vazao21Status;Vazao22Status;Vazao23Status;Vazao24Status;Vazao25Status;Vazao26Status;Vazao27Status;Vazao28Status;Vazao29Status;Vazao30Status;Vazao31Status
75275000;2;03/1970;1;1;;;;;;0;0;0;;0;3.55;3.45;3.3800001;3.4200001;3.6800001;3.6800001;3.7;3.8;3.78;3.8;3.98;5.5999999;8.8000002;9.5;7.1999998;5.8000002;6.0999999;12.0;14.9;8.6000004;8.5;10.0;;;;;;;;;;1;1;1;1;1;1;1;1;1;1;1;1;1;1;1;1;1;1;1;1;1;1;0;0;0;0;0;0;0;0;0
75275000;2;11/1970;1;1;9.5;;;26;;1;0;0;;0;;;;;;;;;;;;;;;;;;;;;;;7.8000002;7.4000001;9.0;9.5;8.1999998;7.3200002;7.1999998;7.1799998;;0;0;0;0;0;0;0;0;0;0;0;0;0;0;0;0;0;0;0;0;0;0;1;1;1;1;1;1;1;1;
75275000;2;12/1970;1;1;45.5;6.5;15.5;13;3;1;1;1;;0;7.0999999;6.9000001;6.5;6.5;7.0999999;7.4000001;7.1999998;6.5;7.9000001;12.5;24.200001;41.0;45.5;26.299999;15.5;11.8;11.8;16.200001;24.0;19.5;15.2;16.5;23.0;22.0;15.0;9.6000004;13.0;14.0;14.0;13.8;12.0;1;1;1;1;1;1;1;1;1;1;1;1;1;1;1;1;1;1;1;1;1;1;1;1;1;1;1;1;1;1;1
75275000;2;11/1971;1;1;7.5999999;;;3;;1;0;0;;0;;;7.5999999;6.9000001;6.2199998;5.7800002;5.5;5.6799998;6.6999998;7.5;7.3200002;6.8000002;6.5799999;6.4000001;6.2199998;5.9200001;5.7199998;5.5;5.4099998;5.3000002;5.0999999;4.98;4.75;4.5799999;4.3499999;4.25;4.1700001;4.0;3.8599999;3.8800001;;0;0;1;1;1;1;1;1;1;1;1;1;1;1;1;1;1;1;1;1;1;1;1;1;1;1;1;1;1;1;
75275000;2;12/1971;1;1;;;;;;0;0;0;;0;4.0300002;5.4000001;5.5999999;6.3000002;6.3099999;5.1799998;4.48;4.4000001;4.3000002;4.0999999;4.0;3.74;3.5799999;3.8;4.5999999;4.5500002;3.6500001;;;;;;;;;;;;;;;1;1;1;1;1;1;1;1;1;1;1;1;1;1;1;1;1;0;0;0;0;0;0;0;0;0;0;0;0;0;0
