EstacaoCodigo;NivelConsistencia;Data;MediaDiaria;TipoMedicaoCotas;Maxima;Minima;Media;DiaMaxima;DiaMinima;MaximaStatus;MinimaStatus;MediaStatus;MediaAnual;MediaAnualStatus;Cota01;Cota02;Cota03;Cota04;Cota05;Cota06;Cota07;Cota08;Cota09;Cota10;Cota11;Cota12;Cota13;Cota14;Cota15;Cota16;Cota17;Cota18;Cota19;Cota20;Cota21;Cota22;Cota23;Cota24;Cota25;Cota26;Cota27;Cota28;Cota29;Cota30;Cota31;Cota01Status;Cota02Status;Cota03Status;Cota04Status;Cota05Status;Cota06Status;Cota07Status;Cota08Status;Cota09Status;Cota10Status;Cota11Status;Cota12Status;Cota13Status;Cota14Status;Cota15Status;Cota16Status;Cota17Status;Cota18Status;Cota19Status;Cota20Status;Cota21Status;Cota22Status;Cota23Status;Cota24Status;Cota25Status;Cota26Status;Cota27Status;Cota28Status;Cota29Status;Cota30Status;Cota31Status
44250001;1;06/2011;1;1;42.0;40.0;40.733299;1;18;1;1;1;;0;42.0;42.0;42.0;42.0;42.0;41.0;41.0;41.0;41.0;41.0;41.0;41.0;41.0;41.0;41.0;41.0;41.0;40.0;40.0;40.0;40.0;40.0;40.0;40.0;40.0;40.0;40.0;40.0;40.0;40.0;;1;1;1;1;1;1;1;1;1;1;1;1;1;1;1;1;1;1;1;1;1;1;1;1;1;1;1;1;1;1;0
44250001;1;07/2011;1;1;40.0;38.0;38.629002;1;17;1;1;1;;0;40.0;40.0;40.0;40.0;39.0;39.0;39.0;39.0;39.0;39.0;39.0;39.0;39.0;39.0;39.0;38.5;38.0;38.0;38.0;38.0;38.0;38.0;38.0;38.0;38.0;38.0;38.0;38.0;38.0;38.0;38.0;1;1;1;1;1;1;1;1;1;1;1;1;1;1;1;1;1;1;1;1;1;1;1;1;1;1;1;1;1;1;1
44250001;1;08/2011;1;1;38.0;35.0;36.290298;1;31;1;1;1;;0;38.0;37.5;37.0;37.0;37.0;37.0;37.0;37.0;36.5;36.0;36.0;36.0;36.0;36.0;36.0;36.0;36.0;36.0;36.0;36.0;36.0;36.0;36.0;36.0;36.0;36.0;36.0;36.0;36.0;36.0;35.0;1;1;1;1;1;1;1;1;1;1;1;1;1;1;1;1;1;1;1;1;1;1;1;1;1;1;1;1;1;1;1
44250001;1;09/2011;1;1;35.0;33.0;34.1833;1;27;1;1;1;;0;35.0;35.0;35.0;35.0;35.0;35.0;35.0;35.0;35.0;35.0;34.0;34.0;34.0;34.0;34.0;34.0;34.0;34.0;34.0;34.0;34.0;34.0;34.0;34.0;34.0;33.5;33.0;33.0;33.0;33.0;;1;1;1;1;1;1;1;1;1;1;1;1;1;1;1;1;1;1;1;1;1;1;1;1;1;1;1;1;1;1;0
44250001;1;10/2011;1;1;55.0;33.0;40.435501;20;1;1;1;1;;0;33.0;33.0;33.0;35.0;36.0;37.0;37.0;37.0;37.0;37.0;37.0;36.0;37.0;38.0;38.0;41.0;47.0;47.0;53.0;55.0;48.5;46.0;45.5;45.0;43.0;42.0;41.0;40.5;39.5;39.0;39.5;1;1;1;1;1;1;1;1;1;1;1;1;1;1;1;1;1;1;1;1;1;1;1;1;1;1;1;1;1;1;1
44250001;1;11/2011;1;1;69.0;39.0;46.916599;27;7;1;1;1;;0;41.0;46.5;49.5;43.0;41.5;40.0;39.0;39.0;40.0;41.0;42.0;42.0;40.5;40.0;39.5;40.0;40.0;40.0;40.0;42.0;50.0;48.0;48.0;49.0;58.0;66.0;69.0;68.0;65.0;60.0;;1;1;1;1;1;1;1;1;1;1;1;1;1;1;1;1;1;1;1;1;1;1;1;1;1;1;1;1;1;1;0
