EstacaoCodigo;NivelConsistencia;Data;MediaDiaria;TipoMedicaoCotas;Maxima;Minima;Media;DiaMaxima;DiaMinima;MaximaStatus;MinimaStatus;MediaStatus;MediaAnual;MediaAnualStatus;Cota01;Cota02;Cota03;Cota04;Cota05;Cota06;Cota07;Cota08;Cota09;Cota10;Cota11;Cota12;Cota13;Cota14;Cota15;Cota16;Cota17;Cota18;Cota19;Cota20;Cota21;Cota22;Cota23;Cota24;Cota25;Cota26;Cota27;Cota28;Cota29;Cota30;Cota31;Cota01Status;Cota02Status;Cota03Status;Cota04Status;Cota05Status;Cota06Status;Cota07Status;Cota08Status;Cota09Status;Cota10Status;Cota11Status;Cota12Status;Cota13Status;Cota14Status;Cota15Status;Cota16Status;Cota17Status;Cota18Status;Cota19Status;Cota20Status;Cota21Status;Cota22Status;Cota23Status;Cota24Status;Cota25Status;Cota26Status;Cota27Status;Cota28Status;Cota29Status;Cota30Status;Cota31Status
74200900;1;10/2019;1;3;62.0;52.0;;31;31;1;1;0;;0;;;;;;;;;;;;;;;;;;;;;;;;;;;;;;;55.958302;0;0;0;0;0;0;0;0;0;0;0;0;0;0;0;0;0;0;0;0;0;0;0;0;0;0;0;0;0;0;1
74200900;1;11/2019;1;3;87.0;47.0;59.75;14;4;1;1;1;;0;60.041698;58.25;55.916698;54.291698;57.458302;57.0;59.041698;53.75;56.208302;57.666698;57.0;56.833302;54.333302;81.125;77.416702;62.416698;56.291698;53.708302;56.208302;53.25;57.166698;54.833302;56.25;58.625;56.291698;64.5;76.416702;74.083298;59.583302;56.541698;;1;1;1;1;1;1;1;1;1;1;1;1;1;1;1;1;1;1;1;1;1;1;1;1;1;1;1;1;1;1;0
74200900;1;12/2019;1;3;74.0;47.0;57.2272;5;4;1;1;1;;0;59.0;51.791698;60.25;53.375;63.208302;55.541698;56.041698;53.75;58.083302;61.291698;55.958302;54.583302;53.625;56.625;55.541698;61.916698;58.791698;58.875;59.875;56.208302;56.041698;56.916698;55.083302;59.541698;56.708302;57.583302;57.166698;55.333302;61.041698;52.041698;62.25;1;1;1;1;1;1;1;1;1;1;1;1;1;1;1;1;1;1;1;1;1;1;1;1;1;1;1;1;1;1;1
