EstacaoCodigo;NivelConsistencia;Data;MediaDiaria;MetodoObtencaoVazoes;Maxima;Minima;Media;DiaMaxima;DiaMinima;MaximaStatus;MinimaStatus;MediaStatus;MediaAnual;MediaAnualStatus;Vazao01;Vazao02;Vazao03;Vazao04;Vazao05;Vazao06;Vazao07;Vazao08;Vazao09;Vazao10;Vazao11;Vazao12;Vazao13;Vazao14;Vazao15;Vazao16;Vazao17;Vazao18;Vazao19;Vazao20;Vazao21;Vazao22;Vazao23;Vazao24;Vazao25;Vazao26;Vazao27;Vazao28;Vazao29;Vazao30;Vazao31;Vazao01Status;Vazao02Status;Vazao03Status;Vazao04Status;Vazao05Status;Vazao06Status;Vazao07Status;Vazao08Status;Vazao09Status;Vazao10Status;Vazao11Status;Vazao12Status;Vazao13Status;Vazao14Status;Vazao15Status;Vazao16Status;Vazao17Status;Vazao18Status;Vazao19Status;Vazao20Status;Vazao21Status;Vazao22Status;Vazao23Status;Vazao24Status;Vazao25Status;Vazao26Status;Vazao27Status;Vazao28Status;Vazao29Status;Vazao30Status;Vazao31Status
65022000;1;12/1965;1;1;66.849998;0.60000002;15.0452;22;17;1;1;1;;0;0.72500002;0.875;2.6500001;3.2;38.349998;9.3999996;4.9000001;4.9000001;1.9;1.2;1.2;3.2;1.9;1.2;1.9;1.55;0.60000002;1.3;15.8;50.224998;19.700001;66.849998;45.474998;15.8;3.2;3.2;14.05;12.35;52.599998;57.349998;28.85;1;1;1;1;1;1;1;1;1;1;1;1;1;1;1;1;1;1;1;1;1;1;1;1;1;1;1;1;1;1;1
65022000;1;01/1966;1;1;57.349998;1.55;9.8886995;26;10;1;1;1;;0;19.700001;14.05;9.3999996;5.8249998;6.9499998;10.8;4.9000001;4.9000001;5.8249998;1.55;1.9;1.9;3.2;1.9;1.9;1.75;1.9;1.55;2.5250001;28.85;3.2;1.55;1.9;3.2;1.8;57.349998;45.474998;5.8249998;3.2;35.974998;15.8;1;1;1;1;1;1;1;1;1;1;1;1;1;1;1;1;1;1;1;1;1;1;1;1;1;1;1;1;1;1;1
65022000;1;02/1966;1;1;63.049999;1.35;13.7179;14;6;1;1;1;;0;15.8;6.9499998;3.2;1.9;1.9;1.35;3.2;4.9000001;3.2;3.2;1.9;4.9000001;57.349998;63.049999;35.5;38.349998;15.1;10.5;14.05;23.200001;23.200001;14.4;6.0500002;5.0749998;5.25;6.9499998;6.9499998;6.7249999;;;;1;1;1;1;1;1;1;1;1;1;1;1;1;1;1;1;1;1;1;1;1;1;1;1;1;1;1;1;;;
65022000;1;03/1966;1;1;76.349998;0.60000002;8.1266003;4;18;1;1;1;;0;6.7249999;4.9000001;7.1750002;76.349998;43.099998;31.700001;12.35;8.1499996;3.2;1.9;1.75;1.75;4.9000001;5.5999999;1.75;1.2;0.85000002;0.60000002;0.97500002;3.5;1.55;1.85;1.8;2.1500001;5.8249998;8.1499996;6.5;1.35;1.5;0.92500001;1.9;1;1;1;1;1;1;1;1;1;1;1;1;1;1;1;1;1;1;1;1;1;1;1;1;1;1;1;1;1;1;1
