EstacaoCodigo;NivelConsistencia;Data;MediaDiaria;MetodoObtencaoVazoes;Maxima;Minima;Media;DiaMaxima;DiaMinima;MaximaStatus;MinimaStatus;MediaStatus;MediaAnual;MediaAnualStatus;Vazao01;Vazao02;Vazao03;Vazao04;Vazao05;Vazao06;Vazao07;Vazao08;Vazao09;Vazao10;Vazao11;Vazao12;Vazao13;Vazao14;Vazao15;Vazao16;Vazao17;Vazao18;Vazao19;Vazao20;Vazao21;Vazao22;Vazao23;Vazao24;Vazao25;Vazao26;Vazao27;Vazao28;Vazao29;Vazao30;Vazao31;Vazao01Status;Vazao02Status;Vazao03Status;Vazao04Status;Vazao05Status;Vazao06Status;Vazao07Status;Vazao08Status;Vazao09Status;Vazao10Status;Vazao11Status;Vazao12Status;Vazao13Status;Vazao14Status;Vazao15Status;Vazao16Status;Vazao17Status;Vazao18Status;Vazao19Status;Vazao20Status;Vazao21Status;Vazao22Status;Vazao23Status;Vazao24Status;Vazao25Status;Vazao26Status;Vazao27Status;Vazao28Status;Vazao29Status;Vazao30Status;Vazao31Status
64677000;1;01/1960;1;1;6.2800002;2.1199999;3.5922999;11;3;1;1;1;;0;2.4400001;2.28;2.1199999;2.1199999;2.1199999;2.5999999;3.2;3.2;4.0;5.8000002;6.2800002;5.8000002;5.8000002;5.8000002;3.5999999;3.2;3.2;2.8;2.8;2.8;2.8;3.2;4.0;6.04;5.3200002;4.4000001;3.4000001;3.4000001;2.28;2.28;2.28;1;1;1;1;1;1;1;1;1;1;1;1;1;1;1;1;1;1;1;1;1;1;1;1;1;1;1;1;1;1;1
64677000;1;02/1960;1;1;14.5;2.1199999;6.1717;21;2;1;1;1;;0;2.28;2.1199999;2.1199999;2.1199999;2.1199999;2.8;2.8;3.0;3.0;2.5999999;2.5999999;2.5999999;2.5999999;8.3999996;8.3999996;7.8400002;7.8400002;11.3;11.3;11.98;14.5;10.78;8.3999996;8.3999996;8.1199999;6.7600002;6.52;7.8400002;7.8400002;;;1;1;1;1;1;1;1;1;1;1;1;1;1;1;1;1;1;1;1;1;1;1;1;1;1;1;1;1;1;;
64677000;1;03/1960;1;1;11.3;1.8;3.7606001;3;13;1;1;1;;0;8.3999996;10.78;11.3;11.3;8.3999996;5.8000002;5.8000002;4.4000001;4.4000001;3.8;3.8;4.1999998;1.8;1.8;1.8;1.8;1.8;1.8;1.8;1.8;1.8;1.8;1.8;1.8;1.8;1.8;1.8;1.8;1.8;1.8;1.8;1;1;1;1;1;1;1;1;1;1;1;1;1;1;1;1;1;1;1;1;1;1;1;1;1;1;1;1;1;1;1
