EstacaoCodigo;NivelConsistencia;Data;MediaDiaria;MetodoObtencaoVazoes;Maxima;Minima;Media;DiaMaxima;DiaMinima;MaximaStatus;MinimaStatus;MediaStatus;MediaAnual;MediaAnualStatus;Vazao01;Vazao02;Vazao03;Vazao04;Vazao05;Vazao06;Vazao07;Vazao08;Vazao09;Vazao10;Vazao11;Vazao12;Vazao13;Vazao14;Vazao15;Vazao16;Vazao17;Vazao18;Vazao19;Vazao20;Vazao21;Vazao22;Vazao23;Vazao24;Vazao25;Vazao26;Vazao27;Vazao28;Vazao29;Vazao30;Vazao31;Vazao01Status;Vazao02Status;Vazao03Status;Vazao04Status;Vazao05Status;Vazao06Status;Vazao07Status;Vazao08Status;Vazao09Status;Vazao10Status;Vazao11Status;Vazao12Status;Vazao13Status;Vazao14Status;Vazao15Status;Vazao16Status;Vazao17Status;Vazao18Status;Vazao19Status;Vazao20Status;Vazao21Status;Vazao22Status;Vazao23Status;Vazao24Status;Vazao25Status;Vazao26Status;Vazao27Status;Vazao28Status;Vazao29Status;Vazao30Status;Vazao31Status
61118000;2;07/1940;1;1;;;;;;0;0;0;;0;;;;;;;;;;;;;;;;;;;;;;;;;;;1.95;1.95;1.88;1.88;1.88;0;0;0;0;0;0;0;0;0;0;0;0;0;0;0;0;0;0;0;0;0;0;0;0;0;0;1;1;1;1;1
61118000;2;08/1940;1;1;1.88;1.36;1.8;1;30;1;1;1;;0;1.88;1.88;1.88;1.88;1.88;1.88;1.88;1.88;1.88;1.88;1.88;1.88;1.88;1.88;1.88;1.88;1.88;1.88;1.88;1.88;1.88;1.88;1.88;1.8;1.65;1.65;1.58;1.58;1.51;1.36;1.36;1;1;1;1;1;1;1;1;1;1;1;1;1;1;1;1;1;1;1;1;1;1;1;1;1;1;1;1;1;1;1
61118000;2;09/1940;1;1;4.6300001;1.36;1.7;25;1;1;1;1;;0;1.36;1.36;1.36;1.4299999;1.4299999;1.51;1.51;1.51;1.51;1.51;1.51;1.51;1.51;1.36;1.36;1.36;1.36;1.36;1.36;1.36;1.36;1.36;1.65;2.21;4.6300001;3.8299999;2.3;1.95;1.65;1.51;;1;1;1;1;1;1;1;1;1;1;1;1;1;1;1;1;1;1;1;1;1;1;1;1;1;1;1;1;1;1;
61118000;2;10/1940;1;1;;;;;;0;0;0;;0;1.51;1.4299999;1.36;1.36;1.36;1.36;1.36;1.36;2.8299999;1.51;1.51;4.7399998;1.73;1.51;1.36;1.36;1.36;1.36;1.36;1.36;1.36;1.36;1.36;1.36;1.36;1.51;;;5.98;2.21;2.1300001;1;1;1;1;1;1;1;1;1;1;1;1;1;1;1;1;1;1;1;1;1;1;1;1;1;1;0;0;1;1;1
61118000;2;11/1940;1;1;;;;;;0;0;0;;0;2.1300001;2.04;1.95;2.3;2.6500001;2.6500001;2.48;1.95;1.85;2.1300001;2.1300001;2.1300001;2.1300001;2.21;2.21;2.21;2.21;2.21;2.21;2.21;;;;;;;;;;6.23;;1;1;1;1;1;1;1;1;1;1;1;1;1;1;1;1;1;1;1;1;0;0;0;0;0;0;0;0;0;1;
61118000;2;12/1940;1;1;;;;;;0;0;0;;0;6.23;6.23;6.23;4.9699998;4.4000001;3.8299999;3.73;3.6300001;3.4300001;3.3299999;3.23;3.23;3.23;3.23;3.23;3.23;3.23;3.23;3.23;3.6300001;;;;;;;;;;;;1;1;1;1;1;1;1;1;1;1;1;1;1;1;1;1;1;1;1;1;0;0;0;0;0;0;0;0;0;0;0
