EstacaoCodigo;NivelConsistencia;Data;MediaDiaria;TipoMedicaoCotas;Maxima;Minima;Media;DiaMaxima;DiaMinima;MaximaStatus;MinimaStatus;MediaStatus;MediaAnual;MediaAnualStatus;Cota01;Cota02;Cota03;Cota04;Cota05;Cota06;Cota07;Cota08;Cota09;Cota10;Cota11;Cota12;Cota13;Cota14;Cota15;Cota16;Cota17;Cota18;Cota19;Cota20;Cota21;Cota22;Cota23;Cota24;Cota25;Cota26;Cota27;Cota28;Cota29;Cota30;Cota31;Cota01Status;Cota02Status;Cota03Status;Cota04Status;Cota05Status;Cota06Status;Cota07Status;Cota08Status;Cota09Status;Cota10Status;Cota11Status;Cota12Status;Cota13Status;Cota14Status;Cota15Status;Cota16Status;Cota17Status;Cota18Status;Cota19Status;Cota20Status;Cota21Status;Cota22Status;Cota23Status;Cota24Status;Cota25Status;Cota26Status;Cota27Status;Cota28Status;Cota29Status;Cota30Status;Cota31Status
42980003;1;06/2011;1;1;280.0;252.0;265.79999;1;30;1;1;1;;0;279.5;278.0;277.0;277.0;276.5;276.0;274.5;273.5;272.0;270.0;268.5;270.0;268.5;268.0;267.0;266.0;264.5;266.0;263.0;262.0;260.5;259.0;258.5;257.0;255.0;254.0;254.5;253.0;253.0;252.0;;1;1;1;1;1;1;1;1;1;1;1;1;1;1;1;1;1;1;1;1;1;1;1;1;1;1;1;1;1;1;0
42980003;1;07/2011;1;1;251.0;227.0;239.67751;2;27;1;1;1;;0;250.0;250.5;249.5;249.0;247.0;247.0;246.0;246.0;246.0;245.0;245.0;244.0;244.0;243.0;242.0;240.0;240.0;239.0;238.0;237.0;236.0;235.0;234.0;233.0;230.5;228.0;228.0;229.5;229.5;229.0;229.5;1;1;1;1;1;1;1;1;1;1;1;1;1;1;1;1;1;1;1;1;1;1;1;1;1;1;1;1;1;1;1
42980003;1;08/2011;1;1;229.0;194.0;214.5484;1;31;1;1;1;;0;229.0;228.0;227.0;226.5;224.5;223.5;222.5;221.0;220.0;219.5;219.0;218.0;216.0;216.0;215.0;214.0;214.0;213.0;212.0;211.0;210.5;209.5;209.0;209.0;209.0;208.5;207.0;204.5;201.0;198.5;195.0;1;1;1;1;1;1;1;1;1;1;1;1;1;1;1;1;1;1;1;1;1;1;1;1;1;1;1;1;1;1;1
42980003;1;09/2011;1;1;199.0;183.0;189.21671;2;25;1;1;1;;0;196.5;198.5;197.0;196.0;194.5;193.5;194.0;193.5;192.5;193.0;191.0;191.0;189.5;190.0;189.5;188.5;187.5;187.0;186.0;186.0;185.0;185.0;184.0;184.0;183.0;183.0;183.0;184.0;185.0;185.5;;1;1;1;1;1;1;1;1;1;1;1;1;1;1;1;1;1;1;1;1;1;1;1;1;1;1;1;1;1;1;0
42980003;1;10/2011;1;1;;;;;;1;1;0;;0;185.5;185.0;183.0;183.5;187.0;243.5;255.0;231.5;241.0;234.5;222.5;224.0;254.0;264.5;247.0;266.0;295.5;289.5;295.0;302.5;271.0;266.0;259.0;254.0;244.0;234.5;230.5;231.0;233.5;234.5;;1;1;1;1;1;1;1;1;1;1;1;1;1;1;1;1;1;1;1;1;1;1;1;1;1;1;1;1;1;1;0
42980003;1;11/2011;1;1;;;;;;0;0;0;;0;230.5;233.5;228.5;222.5;220.0;217.0;212.0;208.5;209.5;207.5;;;;;;;;;;;;;;;248.5;;;;383.5;398.0;;1;1;1;1;1;1;1;1;1;1;0;0;0;0;0;0;0;0;0;0;0;0;0;0;1;0;0;0;1;1;0
